,Model,Accuracy,Precision,Recall,F1-Score,Best_CV_Score
0,Random Forest,0.9892215568862276,0.9892360494607614,0.9892215568862276,0.9891357073941267,0.9790328445036964
1,XGBoost,0.9880239520958084,0.9880810404647815,0.9880239520958084,0.9880203787820847,0.9730537712600493
2,SVM,0.9784431137724551,0.9785733765028083,0.9784431137724551,0.9779300195490302,0.9715590029491376
