,Model,Accuracy,Precision,Recall,F1-Score,Best_CV_Score
0,Random Forest,0.9964071856287425,0.9964448724927768,0.9964071856287425,0.9963194865895888,0.9835306158176113
1,XGBoost,0.9964071856287425,0.9964448724927768,0.9964071856287425,0.9963194865895888,0.9820358475066996
2,SVM,0.9832335329341317,0.9837251904065024,0.9832335329341317,0.9828873724381534,0.9775515425739641
