,Model,Accuracy,Precision,Recall,F1-Score,Best_CV_Score
0,Random Forest,0.9940119760479041,0.9940159136208987,0.9940119760479041,0.9938370764287469,0.9715320701867788
1,XGBoost,0.9976047904191617,0.9976301365522923,0.9976047904191617,0.9975251478091555,0.9790126449319274
2,SVM,0.9772455089820359,0.9776852402066096,0.9772455089820359,0.9768533202074472,0.9745350731897817
