,Model,Accuracy,Precision,Recall,F1-Score,Best_CV_Score
0,Random Forest,0.9928143712574851,0.9928530599817315,0.9928143712574851,0.9928210496446112,0.9655529969431315
1,XGBoost,0.9952095808383233,0.9952124154246949,0.9952095808383233,0.9951985051116083,0.976043307881873
2,SVM,0.9640718562874252,0.9635352548886096,0.9640718562874252,0.9636708896276891,0.9475753780686516
